,Podcast_ID,Audio_Preview_URL,Description,Duration_MS,External_URL,Href,Episode_ID,Image_640,Image_300,Image_64,Languages,Name,Release_Date
0,5I215mpoRFa8ZbGcNtdMCv,https://podz-content.spotifycdn.com/audio/clips/7FHzB3EqnMgKkTUNuBo2Gd/clip_616760_676760.mp3,"The Return of the King - Book 3, Part 2; by Tolkien. Read by Phil Dragash. Full Unabridged Audiobook Copyright Disclaimer under section 107 of the Copyright Act of 1976, allowance is made for ""fair use"" for purposes such as criticism, comment, news reporting, teaching, scholarship, education and research.  Fair use is a use permitted by copyright statute that might otherwise be infringing.",15030692,https://open.spotify.com/episode/50cMpkihODgdsKVKJvcZ1b,https://api.spotify.com/v1/episodes/50cMpkihODgdsKVKJvcZ1b,50cMpkihODgdsKVKJvcZ1b,https://i.scdn.co/image/ab6765630000ba8a92d65769afcd2eeea558a2fb,https://i.scdn.co/image/ab67656300005f1f92d65769afcd2eeea558a2fb,https://i.scdn.co/image/ab6765630000f68d92d65769afcd2eeea558a2fb,['en'],"The Return of the King - Book 3, Part 2",2023-08-30
1,5I215mpoRFa8ZbGcNtdMCv,https://podz-content.spotifycdn.com/audio/clips/3QdViU5pqSl3YpDgkdPArj/clip_432037_492037.mp3,"The Return of the King - Book 3, Part 1; by Tolkien. Read by Phil Dragash. Full Unabridged Audiobook Copyright Disclaimer under section 107 of the Copyright Act of 1976, allowance is made for ""fair use"" for purposes such as criticism, comment, news reporting, teaching, scholarship, education and research.  Fair use is a use permitted by copyright statute that might otherwise be infringing.",28423954,https://open.spotify.com/episode/4WCvmLhmDTDT2XShxombXa,https://api.spotify.com/v1/episodes/4WCvmLhmDTDT2XShxombXa,4WCvmLhmDTDT2XShxombXa,https://i.scdn.co/image/ab6765630000ba8a350f33768d5c1d3a1b609a86,https://i.scdn.co/image/ab67656300005f1f350f33768d5c1d3a1b609a86,https://i.scdn.co/image/ab6765630000f68d350f33768d5c1d3a1b609a86,['en'],"The Return of the King - Book 3, Part 1",2023-08-30
2,5I215mpoRFa8ZbGcNtdMCv,https://podz-content.spotifycdn.com/audio/clips/1Ll2iRYMah7imK82iJgQpM/clip_469192_529192.mp3,"The Two Towers - Book 2, Part 2; by Tolkien. Read by Phil Dragash. Full Unabridged Audiobook Copyright Disclaimer under section 107 of the Copyright Act of 1976, allowance is made for ""fair use"" for purposes such as criticism, comment, news reporting, teaching, scholarship, education and research.  Fair use is a use permitted by copyright statute that might otherwise be infringing.",30055072,https://open.spotify.com/episode/0c6d9LdV8YCUCvWINpZ2ro,https://api.spotify.com/v1/episodes/0c6d9LdV8YCUCvWINpZ2ro,0c6d9LdV8YCUCvWINpZ2ro,https://i.scdn.co/image/ab6765630000ba8a37de6ff81e20d558ba22308d,https://i.scdn.co/image/ab67656300005f1f37de6ff81e20d558ba22308d,https://i.scdn.co/image/ab6765630000f68d37de6ff81e20d558ba22308d,['en'],"The Two Towers - Book 2, Part 2",2023-08-29
3,5I215mpoRFa8ZbGcNtdMCv,https://podz-content.spotifycdn.com/audio/clips/45LDfgDldlSY8NX69k0hYi/clip_245588_305588.mp3,"The Two Towers - Book 2, Part 1; by Tolkien. Read by Phil Dragash. Full Unabridged Audiobook Copyright Disclaimer under section 107 of the Copyright Act of 1976, allowance is made for ""fair use"" for purposes such as criticism, comment, news reporting, teaching, scholarship, education and research.  Fair use is a use permitted by copyright statute that might otherwise be infringing.",29436330,https://open.spotify.com/episode/0EYsddxf5Gtc7eJOMvFHqs,https://api.spotify.com/v1/episodes/0EYsddxf5Gtc7eJOMvFHqs,0EYsddxf5Gtc7eJOMvFHqs,https://i.scdn.co/image/ab6765630000ba8a173a69de64434c749ff8caab,https://i.scdn.co/image/ab67656300005f1f173a69de64434c749ff8caab,https://i.scdn.co/image/ab6765630000f68d173a69de64434c749ff8caab,['en'],"The Two Towers - Book 2, Part 1",2023-01-24
4,5I215mpoRFa8ZbGcNtdMCv,https://podz-content.spotifycdn.com/audio/clips/2DlGnXgH1Tw4Guix5kxPxD/clip_321147_381147.mp3,"The Fellowship of the Ring : book 1, part 2; by Tolkien. Read by Phil Dragash. Full Unabridged Audiobook  Copyright Disclaimer under section 107 of the Copyright Act of 1976, allowance is made for “fair use” for purposes such as criticism, comment, news reporting, teaching, scholarship, education and research.  Fair use is a use permitted by copyright statute that might otherwise be infringing.",31584312,https://open.spotify.com/episode/2dOF8OhhgHcyNbNdoTkV3c,https://api.spotify.com/v1/episodes/2dOF8OhhgHcyNbNdoTkV3c,2dOF8OhhgHcyNbNdoTkV3c,https://i.scdn.co/image/ab6765630000ba8ac0f170d430efb77f7c7560f1,https://i.scdn.co/image/ab67656300005f1fc0f170d430efb77f7c7560f1,https://i.scdn.co/image/ab6765630000f68dc0f170d430efb77f7c7560f1,['en'],"The Fellowship of the Ring - Book 1, Part 2",2022-12-14
5,5I215mpoRFa8ZbGcNtdMCv,https://podz-content.spotifycdn.com/audio/clips/2Ho7cKySiF9Ak0ZvOxft4q/clip_468422_528422.mp3,"The Fellowship of the Ring : book 1, part 1; by Tolkien. Read by Phil Dragash. Full Unabridged Audiobook  Copyright Disclaimer under section 107 of the Copyright Act of 1976, allowance is made for “fair use” for purposes such as criticism, comment, news reporting, teaching, scholarship, education and research.  Fair use is a use permitted by copyright statute that might otherwise be infringing.",31624992,https://open.spotify.com/episode/5Wg0sfHZXEakcFncGWFrsY,https://api.spotify.com/v1/episodes/5Wg0sfHZXEakcFncGWFrsY,5Wg0sfHZXEakcFncGWFrsY,https://i.scdn.co/image/ab6765630000ba8a81eb0a508cc4c6feb6fb15df,https://i.scdn.co/image/ab67656300005f1f81eb0a508cc4c6feb6fb15df,https://i.scdn.co/image/ab6765630000f68d81eb0a508cc4c6feb6fb15df,['en'],"The Fellowship of the Ring - Book 1, Part 1",2022-12-13
6,5I215mpoRFa8ZbGcNtdMCv,https://podz-content.spotifycdn.com/audio/clips/0DBbjDCfVJvjbeFFgzaoB0/clip_628374_688374.mp3,"This article was written by american ambassador Chas Freeman, and discuss the evolution of professions, its qualities and requisite, and why Diplomacy was not among that evolution, but it should be",1683834,https://open.spotify.com/episode/6TT2YaGkhSGFLQqJPIo6UM,https://api.spotify.com/v1/episodes/6TT2YaGkhSGFLQqJPIo6UM,6TT2YaGkhSGFLQqJPIo6UM,https://i.scdn.co/image/ab6765630000ba8ace8210f3643296e0299a14c9,https://i.scdn.co/image/ab67656300005f1fce8210f3643296e0299a14c9,https://i.scdn.co/image/ab6765630000f68dce8210f3643296e0299a14c9,['en'],Diplomacy as a profession,2022-05-23
7,5I215mpoRFa8ZbGcNtdMCv,https://podz-content.spotifycdn.com/audio/clips/2vOtXVWczMs1xTErIoll6x/clip_520841_580841.mp3,"Neste podcast você encontrará muitas informações para te ajudar a tomar decisões e planejar sua mobilidade estudantil. Além da entrevista oficial, no final ainda tem um bate-papo dos bastidores da entrevista.",2456672,https://open.spotify.com/episode/0bwGIGSkYQnnRs1kANJCUD,https://api.spotify.com/v1/episodes/0bwGIGSkYQnnRs1kANJCUD,0bwGIGSkYQnnRs1kANJCUD,https://i.scdn.co/image/ab6765630000ba8ace8210f3643296e0299a14c9,https://i.scdn.co/image/ab67656300005f1fce8210f3643296e0299a14c9,https://i.scdn.co/image/ab6765630000f68dce8210f3643296e0299a14c9,['en'],ARI/POLI Entrevista o aluno Pedro Lima em mobilidade na UCoimbra,2022-05-20
8,5I215mpoRFa8ZbGcNtdMCv,https://podz-content.spotifycdn.com/audio/clips/6WgUp8PsNGNX1GnS8yBrrt/clip_577201_637201.mp3,"Neste episódio 01 de Aprenda Programar, os primeiros conceitos de programação são apresentados: algoritmos, linguagens de alto e baixo nível, linguagens compiladas e interpretadas, além de muitos outros.",920548,https://open.spotify.com/episode/2iLGrZ6eCmcIGm6hUvogYB,https://api.spotify.com/v1/episodes/2iLGrZ6eCmcIGm6hUvogYB,2iLGrZ6eCmcIGm6hUvogYB,https://i.scdn.co/image/ab6765630000ba8ace8210f3643296e0299a14c9,https://i.scdn.co/image/ab67656300005f1fce8210f3643296e0299a14c9,https://i.scdn.co/image/ab6765630000f68dce8210f3643296e0299a14c9,['en'],Aprenda Programar - Ep01,2022-04-18
9,5I215mpoRFa8ZbGcNtdMCv,https://podz-content.spotifycdn.com/audio/clips/77kxaPLSjxdwwWpd7phIac/clip_0_25317.mp3,Poesia recitada nas ruas de Recife,25317,https://open.spotify.com/episode/21Xzs4YhSHT3lnJV06HZc4,https://api.spotify.com/v1/episodes/21Xzs4YhSHT3lnJV06HZc4,21Xzs4YhSHT3lnJV06HZc4,https://i.scdn.co/image/ab6765630000ba8ace8210f3643296e0299a14c9,https://i.scdn.co/image/ab67656300005f1fce8210f3643296e0299a14c9,https://i.scdn.co/image/ab6765630000f68dce8210f3643296e0299a14c9,['en'],As 7 Maravilhas do Mundo são 3,2022-03-13
